epoch,time,train/box_loss,train/cls_loss,train/dfl_loss,metrics/precision(B),metrics/recall(B),metrics/mAP50(B),metrics/mAP50-95(B),val/box_loss,val/cls_loss,val/dfl_loss,lr/pg0,lr/pg1,lr/pg2
1,9.76382,0,46.3605,0,0,0,0,0,0,30.0469,0,0.000660494,0.000660494,0.000660494
2,18.2521,0,30.1721,0,0,0,0,0,0,20.3516,0,0.00130088,0.00130088,0.00130088
3,26.5071,0,20.1623,0,0,0,0,0,0,11.724,0,0.00191487,0.00191487,0.00191487
4,34.9529,0,11.9856,0,0,0,0,0,0,5.35352,0,0.0018812,0.0018812,0.0018812
5,43.669,0,6.26161,0,0,0,0,0,0,0.00521,0,0.0018416,0.0018416,0.0018416
